{"cameraMode":{"drawMode":0,"name":"Shaded","section":"Shading Mode"},"sceneLighting":false,"audioPlay":false,"sceneViewState":{"showFog":true,"showMaterialUpdate":true,"showSkybox":false,"showFlares":true,"showImageEffects":true,"showParticleSystems":true},"in2DMode":false,"pivot":{"x":16.958587646484376,"y":2.357940673828125,"z":18.522796630859376},"rotation":{"x":-0.09332231432199478,"y":0.6357239484786987,"z":-0.07781850546598435,"w":-0.7623089551925659},"size":714.470947265625,"orthographic":false}