{"cameraMode":{"drawMode":0,"name":"Shaded","section":"Shading Mode"},"sceneLighting":true,"audioPlay":false,"sceneViewState":{"showFog":true,"showMaterialUpdate":true,"showSkybox":false,"showFlares":true,"showImageEffects":true,"showParticleSystems":true},"in2DMode":false,"pivot":{"x":5.239999771118164,"y":-3.880000114440918,"z":-1.1399998664855958},"rotation":{"x":0.09089420735836029,"y":-0.698547899723053,"z":0.09018845856189728,"w":0.7040148377418518},"size":17.469406127929689,"orthographic":false}