{"cameraMode":{"drawMode":0,"name":"Shaded","section":"Shading Mode"},"sceneLighting":true,"audioPlay":false,"sceneViewState":{"showFog":true,"showMaterialUpdate":true,"showSkybox":false,"showFlares":true,"showImageEffects":true,"showParticleSystems":true},"in2DMode":false,"pivot":{"x":7.239571571350098,"y":1.3199999332427979,"z":1.389145851135254},"rotation":{"x":-0.3487699627876282,"y":0.38954615592956545,"z":-0.16225285828113557,"w":-0.8369297981262207},"size":118.29761505126953,"orthographic":false}