{"cameraMode":{"drawMode":0,"name":"Shaded","section":"Shading Mode"},"sceneLighting":false,"audioPlay":false,"sceneViewState":{"showFog":true,"showMaterialUpdate":true,"showSkybox":false,"showFlares":true,"showImageEffects":true,"showParticleSystems":true},"in2DMode":false,"pivot":{"x":17.129270553588868,"y":1.7053343057632447,"z":17.997028350830079},"rotation":{"x":-0.09043104201555252,"y":0.6990304589271545,"z":-0.0898289680480957,"w":-0.7036574482917786},"size":2.648695230484009,"orthographic":false}