{"cameraMode":{"drawMode":0,"name":"Shaded","section":"Shading Mode"},"sceneLighting":true,"audioPlay":false,"sceneViewState":{"showFog":true,"showMaterialUpdate":true,"showSkybox":false,"showFlares":true,"showImageEffects":true,"showParticleSystems":true},"in2DMode":false,"pivot":{"x":-31.69000244140625,"y":3.1599998474121095,"z":50.0},"rotation":{"x":0.022956904023885728,"y":0.7859553694725037,"z":0.029248401522636415,"w":-0.6171915531158447},"size":40.0103759765625,"orthographic":false}