{"cameraMode":{"drawMode":0,"name":"Shaded","section":"Shading Mode"},"sceneLighting":false,"audioPlay":false,"sceneViewState":{"showFog":true,"showMaterialUpdate":true,"showSkybox":false,"showFlares":true,"showImageEffects":true,"showParticleSystems":true},"in2DMode":false,"pivot":{"x":-15.064017295837403,"y":-5.5608649253845219,"z":1.3460893630981446},"rotation":{"x":0.03899124264717102,"y":-0.9515966773033142,"z":0.13594195246696473,"w":0.27290987968444826},"size":22.0,"orthographic":false}