{"cameraMode":{"drawMode":0,"name":"Shaded","section":"Shading Mode"},"sceneLighting":true,"audioPlay":false,"sceneViewState":{"showFog":true,"showMaterialUpdate":true,"showSkybox":false,"showFlares":true,"showImageEffects":true,"showParticleSystems":true},"in2DMode":false,"pivot":{"x":-6.769999980926514,"y":-2.690000057220459,"z":-5.276000022888184},"rotation":{"x":0.1133306547999382,"y":-0.8838183879852295,"z":0.3564945161342621,"w":0.2809647023677826},"size":5.472431182861328,"orthographic":false}